,Image Index,Finding Label,Bbox [x,y,w,h]
583,dicom_00023075_033.dcm,Mass,239.50222222222197,535.077934027778,72.81777777777779,65.9911111111111
584,dicom_00029579_005.dcm,Mass,609.28,189.19348958333302,73.95555555555549,71.68
585,dicom_00013659_019.dcm,Mass,559.217777777778,167.57571180555598,102.4,136.533333333333
